Y,const,lag1_gdp,d_mfn_c,trade_openness,d_ren_c,h4_inter,d_cpi,d_prate
8.543963405948707,1.0,6.873362602493059,-0.8709837548625501,37.232900132668114,0.29631096283121394,-0.6721646550322229,0.4098657254483924,-0.0022013381487102635
8.39804896060997,1.0,8.543963405948707,-0.689836640943895,36.8063496764824,0.44241517169323075,-0.32448965148428943,0.23246506529057376,0.03762248365440435
7.566861629844265,1.0,8.39804896060997,-0.39727270053236463,37.03271749803108,0.14627987681180343,-0.1562644883014897,0.09725057345912402,0.07187189084068102
6.452114873531111,1.0,7.566861629844265,-0.2657998746378931,37.49213415943543,0.4338735921147254,-0.045813406516419894,0.26557312891869866,-0.16008376678495573
3.9585358045621204,1.0,6.452114873531111,-0.09421647112473863,37.751443172741986,0.2495735474691152,-0.01185094895409354,0.080241381327403,-0.2612262119468465
2.846234503650184,1.0,3.9585358045621204,-0.015088586603323684,37.29300841258109,0.18027713954007396,-0.006550268635181598,0.08950930466221285,-0.006772405604880127
2.3248749751943367,1.0,2.846234503650184,0.04990022321946519,37.86626124065823,0.429551621378522,-0.01885484023637966,-0.3049069220715177,-0.28126236753102507
-7.444552679711993,1.0,2.3248749751943367,-0.02792641706646304,33.36900564873041,0.058772168472565056,-0.011202955943259596,-0.38204195953303266,0.1013968131621632
0.4796132836301439,1.0,-7.444552679711993,0.013517373829635915,32.67139497186348,0.09718823587838799,-0.014152533127292161,-0.3107070400370606,-0.16541036211171845
5.352777978554664,1.0,0.4796132836301439,0.03983366998216198,40.10947316943257,0.17364860311684538,-0.022405717461268255,-0.7883344726921553,0.09999600201466086
7.637303751383907,1.0,5.352777978554664,-0.06839162436969648,39.164570825944104,0.1270150694720087,-0.006184757570084694,-0.3470432651876463,0.05332525611711336
8.753360222887862,1.0,7.637303751383907,-0.051674463524264524,40.31205861262802,0.3273989467872518,0.004375980957350747,-0.08357557070977151,-0.0663348722118755
7.615577331568642,1.0,8.753360222887862,-0.049846669096353935,40.42927653556468,0.14503470647962047,0.01260897597805922,0.1690740599569155,-0.058053864421882206
6.287225828827391,1.0,7.615577331568642,-0.03179872339267131,38.31320899152191,0.3940447109980525,0.013936368167768628,0.3409600946261948,0.1024323428824121
4.315918248848458,1.0,6.287225828827391,-0.03413806647329665,39.00765353333102,0.5094816416185104,0.011368296527874805,0.4336740814426956,-0.26837852454600064
3.2100219067352556,1.0,4.315918248848458,0.06465284189302789,38.24742787832392,0.20231986244159827,0.004580780450048457,0.32852411166150364,0.042780943151625284
2.606715885762161,1.0,3.2100219067352556,-0.06971089244727136,38.6158552492178,0.48111003895748183,0.0019189649507288353,-0.38899321289197264,-0.10524619089911358
3.4812862029723393,1.0,2.606715885762161,-0.06604701865353313,36.510026824966566,0.4344968513570926,-0.006342501301735447,-0.3650870951720093,-0.10408068317144314
4.066069952990807,1.0,3.4812862029723393,-0.004388326763044681,37.06942086878122,0.4301447816663888,-0.01571178631666688,-0.8454366648731948,-0.00127786428359844
5.7420960664116,1.0,4.066069952990807,-0.010417684203298805,34.796828733712424,0.46898620789873036,-0.027033637756333634,-0.5513214791551716,-0.09585852902705616
5.511139240007084,1.0,5.7420960664116,-0.06553740947046371,35.81981825903653,0.6031657986873924,-0.05243616777082531,0.09186316803093283,0.005272523218853742
5.431820240466264,1.0,5.511139240007084,0.021353503888342118,36.677808689346165,0.5221318273122861,-0.06264762246006453,-0.1420807255007019,-0.046133352528424876
5.32675339364537,1.0,5.431820240466264,-0.0715464405226447,35.90858311410351,0.3813864632875834,-0.09228998337026639,0.11045151866903427,-0.06180533656518605
5.313145670732142,1.0,5.32675339364537,-0.012788738050312887,37.63969948382102,0.7012690372080357,-0.1205546424318256,0.02965762387474047,-0.03798299736660482
4.479867754043159,1.0,5.313145670732142,-0.029458168288122977,37.696802836671786,0.4372317497295626,-0.14734767545815536,0.3198734585804468,-0.0784619664798627
3.9754195711258564,1.0,4.479867754043159,-0.05293497031634242,37.93726264746071,0.26543633432719815,-0.17928048805021796,0.24973978021091298,-0.019394854867315292
4.457071048286855,1.0,3.9754195711258564,0.013701675926219181,37.802240612582715,0.46074272035163943,-0.1931077112426865,0.014840057886104763,-0.0434425664921374
5.034898778015179,1.0,4.457071048286855,-0.035890787331521956,38.53504531524204,0.23601579574655318,-0.22033268288474894,-0.3362371352645035,-0.06246897284870334
5.330073683932682,1.0,5.034898778015179,0.012573975692282247,36.36757553218215,0.37117448166385714,-0.23082980592774613,-0.29189010820561345,-0.058644501212977485
6.803311687579954,1.0,5.330073683932682,-0.012350612294746988,35.99364483493478,0.3733351803732532,-0.25432655577688357,-0.8997823781263831,-0.05560888469961922
9.664665018002788,1.0,6.803311687579954,0.014246796772574122,34.521810972494684,-0.1478517556867871,-0.23985445776371636,-1.1881172977440284,-0.03852782018246126
