country,model,term,coef,se,tstat,pvalue,sig5
CN,ols_hac,const,-20.067553260366367,15.123531416149794,-1.3269092190291651,0.19756231311513672,False
CN,ols_hac,lag1_gdp,0.47289572906837307,0.2401323504425925,1.969312873491514,0.0610786998623547,False
CN,ols_hac,d_mfn_c,-1.8906056590571083,1.736674615263739,-1.0886355120530122,0.2875906749651622,False
CN,ols_hac,trade_openness,0.5741900163600349,0.40957252285918394,1.4019251397815289,0.1742896871704085,False
CN,ols_hac,d_ren_c,0.4762501428504038,2.0791763367852907,0.22905711960283073,0.8208490767880998,False
CN,ols_hac,h4_inter,-5.871109066914926,3.3939962454845864,-1.7298513735028198,0.09705615580310756,False
CN,ols_hac,d_cpi,-2.2478670559130762,0.634769714723191,-3.541232361555436,0.0017435174655058283,True
CN,ols_hac,d_prate,-2.5450910110063987,4.084080558851031,-0.6231735575074958,0.5393014484620489,False
CN,glsar,const,-23.409914777680115,9.846174169310562,-2.377564562147015,0.02612434583731571,True
CN,glsar,lag1_gdp,0.5692728474069675,0.1615758186435822,3.523255225849843,0.0018217490858318808,True
CN,glsar,d_mfn_c,-2.2019181247912343,2.915854273952922,-0.7551536935370129,0.4578206165908414,False
CN,glsar,trade_openness,0.6479986509931166,0.2640443275182382,2.454128278701074,0.02211496594608353,True
CN,glsar,d_ren_c,1.398218431647905,2.5191069154362267,0.5550452912816443,0.5842220135710765,False
CN,glsar,h4_inter,-4.9443217020287875,3.803748879030966,-1.299854921886534,0.20652775924955313,False
CN,glsar,d_cpi,-2.8819735096584793,1.1838441827754376,-2.4344196234523867,0.023088722593557875,True
CN,glsar,d_prate,1.6510424995470316,5.06476154103059,0.32598622584135983,0.7473822262545486,False
