Y,const,lag1_gdp,d_mfn_c,d_trade,ren_c,h4_inter,cpi
7.777682006503096,1.0,6.365943415950886,-0.04789906983174852,3.7438381813845183,-9.608688361075487,-0.6179190293750301,2.8142093619117197
8.456758899448374,1.0,7.777682006503096,-0.00551503116907881,1.8194891997498814,-8.71337107028922,-0.5555371877754676,2.608856794913174
8.27493710595767,1.0,8.456758899448374,-0.039387426814299076,-2.050900682625894,-7.722057306924128,-0.46191893729885153,2.4753501443506596
5.854792962269232,1.0,8.27493710595767,-0.09524961404237331,-2.051250757687967,-6.606397147187465,-0.3322565680628816,2.8662181136177285
5.93961493594811,1.0,5.854792962269232,-0.07974829211032919,-1.8336987123346375,-5.440765957275026,-0.23024411649066323,2.987155794290731
5.296399420346376,1.0,5.93961493594811,-0.05430695508052352,-4.058567973360738,-4.322095903532137,-0.15943188380645323,3.045369273367815
4.212947653780087,1.0,5.296399420346376,-0.004155375588299037,-1.3302798606075328,-3.1363996528857783,-0.11439106481571808,3.2021070353747123
-0.16836023150085744,1.0,4.212947653780087,-0.036073328355099576,-25.831848156755655,-2.0114126911860666,-0.06610459888811236,3.2676216616940232
0.6989777874517915,1.0,-0.16836023150085744,-0.03373924110608506,-4.397244679011635,-0.8449382900944116,-0.024917937933249687,2.993324141496608
2.19213557583381,1.0,0.6989777874517915,-0.057805971899396624,32.911624812800056,0.059727264131197444,0.0014161477942758172,2.6765096208786123
2.370355785411149,1.0,2.19213557583381,0.005025226604441713,4.6376803235845045,0.965378022581632,0.023374469377719188,2.3797674133849944
1.8182061395122433,1.0,2.370355785411149,-0.032277064460840776,5.655263729733349,1.6105345455077114,0.033797158705598615,1.8897291319931195
4.346894862207003,1.0,1.8182061395122433,-0.03740791876469629,2.951785306588249,2.334955585469139,0.0402645923956963,1.8617495942564637
6.071396605292514,1.0,4.346894862207003,-0.03008137111844711,4.780542916094731,2.9890245911648847,0.0425521357219006,2.0946807621017163
7.411036991873114,1.0,6.071396605292514,-0.07403278395654311,0.07141675631794442,3.484473780571257,0.023808884181881606,2.8274206805051842
7.318750156816499,1.0,7.411036991873114,-0.04161109354237702,-5.0078656442088345,0.3534827884425624,0.000944414080892063,3.412447068562761
7.745662923614104,1.0,7.318750156816499,-0.07091928121897517,-10.45361722764875,0.5849664385227342,-0.002585661743482544,3.629494000788007
7.36785513203179,1.0,7.745662923614104,-0.0434659312722907,-11.906063702987723,0.9955429422312747,-0.008727707267095697,3.622541207079331
6.195822981678348,1.0,7.36785513203179,-0.03850138255396551,-13.40189213069172,1.387342300645841,-0.017503986227846442,3.625257456070225
4.238027527290948,1.0,6.195822981678348,-0.1111954864425968,-24.926307223051083,1.688221300127914,-0.0400724112346459,3.3779176276945173
4.9379221951861965,1.0,4.238027527290948,-0.015090473856771425,-4.211946694288599,2.208864952956766,-0.05576393463525072,3.3016291713948767
5.932953243811362,1.0,4.9379221951861965,-0.054408901989740244,1.1486416564509625,2.4403506765995644,-0.07488559116176521,3.358966211899855
6.550153463634086,1.0,5.932953243811362,-0.055391579263492474,17.218515634270204,2.800920705267721,-0.10146493150724034,3.3799417948762134
6.229334435567378,1.0,6.550153463634086,-0.039648637831126265,4.232126412099149,3.155879930577406,-0.12683616358532496,3.429038046635477
7.882888929854507,1.0,6.229334435567378,0.0025418011322067002,5.61046690700806,3.4668423535816757,-0.13845267392397181,3.6655478056958892
8.565516861034116,1.0,7.882888929854507,-0.12115959625280581,3.2346201649328066,3.819858129651088,-0.19883204616577885,3.748043701557304
8.368355708805831,1.0,8.565516861034116,0.0051354252568671654,0.8912284803474222,4.101844276044488,-0.21140357596617126,3.9024932463281505
6.107546522319196,1.0,8.368355708805831,-0.12874945574794516,-4.935289435312768,4.4654754334824105,-0.2876373933620582,3.5156329425767465
4.797467280745117,1.0,6.107546522319196,-0.007878340526216832,-11.115345283845613,4.944181529720581,-0.32236777575607883,3.2699644769687
1.7455544005568677,1.0,4.797467280745117,-0.03226732843914526,-17.7681263060677,5.286500050956107,-0.3617455610352941,2.55509648989779
-3.775468858540082,1.0,1.7455544005568677,-0.03314669952433569,-29.711036472884444,5.882830859549799,-0.4220510338234165,1.715298524345747
