,gdp_growth,mfn_tariff,mfn_centered,renewable_pct,ren_centered,h4_interaction,trade_openness,cpi_inflation,policy_rate
2018Q1,6.365943415950886,9.484632718127854,0.6909827105482087,36.07112265797929,-10.621072077333892,-0.7338977172924066,208.0741102713519,3.4632298160700303,6.192092994266058
2018Q2,7.777682006503096,9.436733648296105,0.6430836407164602,37.08350637423769,-9.608688361075487,-0.6179190293750301,211.81794845273643,2.8142093619117197,6.571477838639816
2018Q3,8.456758899448374,9.431218617127026,0.6375686095473814,37.97882366502396,-8.71337107028922,-0.5555371877754676,213.6374376524863,2.608856794913174,6.772519786816923
2018Q4,8.27493710595767,9.391831190312727,0.5981811827330823,38.97013742838905,-7.722057306924128,-0.46191893729885153,211.58653696986042,2.4753501443506596,6.365442801040794
2019Q1,5.854792962269232,9.296581576270354,0.502931568690709,40.085797588125715,-6.606397147187465,-0.3322565680628816,209.53528621217245,2.8662181136177285,6.050309352224181
2019Q2,5.93961493594811,9.216833284160025,0.4231832765803798,41.251428778038154,-5.440765957275026,-0.23024411649066323,207.7015874998378,2.987155794290731,5.42172336752052
2019Q3,5.296399420346376,9.162526329079501,0.3688763214998563,42.37009883178104,-4.322095903532137,-0.15943188380645323,203.64301952647708,3.045369273367815,4.973582777901641
2019Q4,4.212947653780087,9.158370953491202,0.36472094591155724,43.5557950824274,-3.1363996528857783,-0.11439106481571808,202.31273966586954,3.2021070353747123,4.423730655454389
2020Q1,-0.16836023150085744,9.122297625136103,0.32864761755645766,44.68078204412711,-2.0114126911860666,-0.06610459888811236,176.4808915091139,3.2676216616940232,3.9906017261405147
2020Q2,0.6989777874517915,9.088558384030017,0.2949083764503726,45.84725644521877,-0.8449382900944116,-0.024917937933249687,172.08364683010225,2.993324141496608,3.7719356030969453
2020Q3,2.19213557583381,9.03075241213062,0.23710240455097598,46.75192199944438,0.059727264131197444,0.0014161477942758172,204.9952716429023,2.6765096208786123,3.6763975468866765
2020Q4,2.370355785411149,9.035777638735063,0.2421276311554177,47.65757275789481,0.965378022581632,0.023374469377719188,209.63295196648681,2.3797674133849944,3.8259101903425132
2021Q1,1.8182061395122433,9.003500574274222,0.2098505666945769,48.30272928082089,1.6105345455077114,0.033797158705598615,215.28821569622016,1.8897291319931195,3.972700991179553
2021Q2,4.346894862207003,8.966092655509525,0.17244264792988062,49.02715032078232,2.334955585469139,0.0402645923956963,218.2400010028084,1.8617495942564637,4.212414237307936
2021Q3,6.071396605292514,8.936011284391078,0.1423612768114335,49.681219326478065,2.9890245911648847,0.0425521357219006,223.02054391890314,2.0946807621017163,4.517896113961875
2021Q4,7.411036991873114,8.861978500434535,0.0683284928548904,50.17666851588444,3.484473780571257,0.023808884181881606,223.0919606752211,2.8274206805051842,4.866263244560935
2022Q1,7.318750156816499,8.820367406892158,0.02671739931251338,47.04567752375574,0.3534827884425624,0.000944414080892063,218.08409503101225,3.412447068562761,3.9846725071545603
2022Q2,7.745662923614104,8.749448125673183,-0.04420188190646179,47.277161173835914,0.5849664385227342,-0.002585661743482544,207.6304778033635,3.629494000788007,4.558457771689688
2022Q3,7.36785513203179,8.705982194400892,-0.0876678131787525,47.687737677544455,0.9955429422312747,-0.008727707267095697,195.72441410037578,3.622541207079331,4.95571817271826
2022Q4,6.195822981678348,8.667480811846927,-0.126169195732718,48.07953703595902,1.387342300645841,-0.017503986227846442,182.32252196968406,3.625257456070225,5.464210919241767
2023Q1,4.238027527290948,8.55628532540433,-0.2373646821753148,48.380416035441094,1.688221300127914,-0.0400724112346459,157.39621474663298,3.3779176276945173,4.5257330717875615
2023Q2,4.9379221951861965,8.541194851547559,-0.25245515603208624,48.901059688269946,2.208864952956766,-0.05576393463525072,153.18426805234438,3.3016291713948767,4.484215795085617
2023Q3,5.932953243811362,8.486785949557818,-0.3068640580218265,49.132545411912744,2.4403506765995644,-0.07488559116176521,154.33290970879534,3.358966211899855,4.499795125331197
2023Q4,6.550153463634086,8.431394370294326,-0.36225563728531895,49.4931154405809,2.800920705267721,-0.10146493150724034,171.55142534306555,3.3799417948762134,4.49346228405902
2024Q1,6.229334435567378,8.3917457324632,-0.4019042751164452,49.848074665890586,3.155879930577406,-0.12683616358532496,175.7835517551647,3.429038046635477,4.513502981951957
2024Q2,7.882888929854507,8.394287533595406,-0.3993624739842385,50.159037088894856,3.4668423535816757,-0.13845267392397181,181.39401866217275,3.6655478056958892,4.556299274452549
2024Q3,8.565516861034116,8.2731279373426,-0.5205220702370443,50.51205286496427,3.819858129651088,-0.19883204616577885,184.62863882710556,3.748043701557304,4.50362339627607
2024Q4,8.368355708805831,8.278263362599468,-0.5153866449801772,50.79403901135767,4.101844276044488,-0.21140357596617126,185.51986730745298,3.9024932463281505,4.525757551731075
2025Q1,6.107546522319196,8.149513906851523,-0.6441361007281223,51.15767016879559,4.4654754334824105,-0.2876373933620582,180.58457787214022,3.5156329425767465,4.167993115958759
2025Q2,4.797467280745117,8.141635566325306,-0.6520144412543392,51.63637626503376,4.944181529720581,-0.32236777575607883,169.4692325882946,3.2699644769687,4.248051263922795
2025Q3,1.7455544005568677,8.10936823788616,-0.6842817696934844,51.97869478626929,5.286500050956107,-0.3617455610352941,151.7011062822269,2.55509648989779,4.216270789188285
2025Q4,-3.775468858540082,8.076221538361825,-0.7174284692178201,52.57502559486298,5.882830859549799,-0.4220510338234165,121.99006980934246,1.715298524345747,4.201247477583055
