Y,const,lag1_gdp,d_mfn_c,trade_openness,ren_c,h4_inter,cpi,d_prate
2.999,1.0,4.096,0.015087044423264917,27.114750116355324,-4.429650965766523,0.03562044697918072,2.536473271029197,-0.04323987984573252
2.861,1.0,2.999,-0.06195968068852542,27.484031835469366,-4.374886562105299,0.062286723780651906,2.32512306217239,-0.16492669776184155
1.991,1.0,2.861,0.06261981229526636,27.37037271214583,-4.11384983226969,0.03280940608677985,2.268916756695507,-0.24621379639961583
1.681,1.0,1.991,-0.03712180981127222,26.94324284490258,-3.6154562314536207,0.042255768867869546,1.898721648878865,-0.15671305765871013
2.368,1.0,1.681,-0.015790654446942387,25.788553958003753,-2.9463013015654873,0.03908740021950292,1.4354893182366233,-0.4174171947658829
2.744,1.0,2.368,0.01338888085092016,25.181375883278136,-2.3304233203696434,0.027796617508547932,1.1080624649253508,-0.3975639503025792
3.49,1.0,2.744,-0.014272681986434055,22.92005103216817,-1.8137824404629548,0.02422302803618122,1.0818437316216882,-0.3493143938093555
-5.538,1.0,3.49,0.01600271639033668,19.390333211462572,-1.2921475557336315,0.015188817548357672,1.2499455459504054,-0.45658670936221946
-13.142,1.0,-5.538,0.008217424255212435,19.4906377764277,-1.1340132378912706,0.012398127987323853,1.5449787058954227,-0.22208287191323986
-1.667,1.0,-13.142,0.03183674938145753,22.82318620607247,-1.070025697805832,0.008291940400370106,2.457180159933944,0.0
-0.894,1.0,-1.667,0.04833619281888746,24.919058723198695,-1.1133640112602379,0.00324620384575788,3.5959252362309115,0.0
1.768,1.0,-0.894,0.07444763492225182,26.02719437730344,-0.9689598364861176,-0.004388508123947865,4.864419929454186,0.2845561531407219
12.289,1.0,1.768,-0.08919602065019605,27.885904754862164,-0.789907438128445,0.003468096655201372,6.0710303348469505,0.9367124605923567
5.32,1.0,12.289,-0.02552999956043367,26.64511127169916,-0.6187777968920756,0.004296489910037417,7.063814249577509,0.9139425890308666
5.607,1.0,5.32,0.06372893861654427,27.3618724461278,0.046976972362394065,-2.6805825358328928e-05,7.847445038382208,0.9983568223483483
4.068,1.0,5.607,0.023396516677971047,26.898469216832986,0.41794091328767635,0.000739352264339803,10.481232166501849,-2.6841655340772146
2.375,1.0,4.068,-0.0446112028908332,26.722193107400194,0.6507816913007893,-0.001751959567168651,9.944438302914325,0.5738412385731777
2.534,1.0,2.375,-0.06381796427253317,26.926241201152013,1.1038214109848177,-0.010015944494542944,8.955766734086424,1.486214020472285
1.24,1.0,2.534,0.04699525663762483,25.401766399398927,1.2999648467862066,-0.0056865085955139765,7.693572153178345,1.2497518259052507
2.513,1.0,1.24,0.008581675306435166,25.030876062872444,1.6262287634176502,-0.005718126286274302,4.122024000391553,0.48921258254939515
2.917,1.0,2.513,-0.012909129119118123,23.711760704083446,1.7899305279823672,-0.008604376918870187,3.442794767987762,0.7538908562950377
3.165,1.0,2.917,0.10054115189355617,24.275983295630187,2.0102229519144004,0.01054766825377244,2.8996284418787686,0.2456970322798897
3.122,1.0,3.165,0.017279166772941057,24.727707647733816,2.301766659336451,0.016054663207027104,2.790686504820137,-0.03520145416901865
2.885,1.0,3.122,-0.01633635828348101,25.17557688564601,2.3719328024973017,0.012669192792715006,2.991960710055748,0.03545632362312556
3.069,1.0,2.885,0.08926198863863899,25.703097661336102,2.46461374415847,0.03516386144497549,2.75508205513315,0.0029932001283112797
2.663,1.0,3.069,-0.009008701791390461,26.283060796079507,2.786477747062854,0.03724579942077517,2.9315403509865607,-0.2582076351998186
2.567,1.0,2.663,0.0837311933352285,25.058312273209815,3.0724627390250774,0.06679455034638612,2.883870206975763,-0.2518922499759162
2.292,1.0,2.567,-0.005849168786221437,25.415011472195975,3.1323794231295565,0.06626494206583919,2.44225374696672,-0.23264237918444142
1.956,1.0,2.292,0.04302573549332944,23.713866348218605,3.220068081772098,0.08197456014857663,1.7000924657595398,-0.027088448884852845
2.366,1.0,1.956,-0.06047655384768946,22.717314047541976,3.177179119637085,0.06166823428647521,0.29721309324344924,-0.25388732052230445
2.038,1.0,2.366,0.010948933499111746,20.010295176287514,3.2255935687603774,0.06613962731201598,-1.0497913460865667,-0.2424802558983452
