quarter,actual,ols_fit,ols_resid,glsar_fit,glsar_resid
2018Q1,2.999,3.0776867533938503,-0.07868675339385023,3.0812614181907687,-0.0822614181907686
2018Q2,2.861,3.779240738982929,-0.9182407389829286,3.75625026173576,-0.8952502617357596
2018Q3,1.991,2.942608830005952,-0.9516088300059518,2.8020207330255325,-0.8110207330255323
2018Q4,1.681,3.63429560323398,-1.9532956032339799,3.651178981921891,-1.9701789819218911
2019Q1,2.368,2.3177638470289517,0.05023615297104822,2.34247847162737,0.025521528372629998
2019Q2,2.744,2.060763381582828,0.6832366184171721,2.1410487794533353,0.602951220546665
2019Q3,3.49,-0.3850558973073035,3.8750558973073037,-0.14936983225799416,3.6393698322579944
2019Q4,-5.538,-5.30158126683431,-0.2364187331656904,-4.969075773017213,-0.5689242269827872
2020Q1,-13.142,-7.221093884166641,-5.9209061158333585,-7.319991693591012,-5.822008306408987
2020Q2,-1.667,-4.814164531034187,3.1471645310341874,-5.437290595531497,3.770290595531497
2020Q3,-0.894,0.3261186246805088,-1.220118624680509,0.16661871527312577,-1.060618715273126
2020Q4,1.768,1.4257653671324224,0.3422346328675776,1.2009182342583804,0.5670817657416196
2021Q1,12.289,6.171568638054337,6.117431361945663,6.303055633410615,5.985944366589385
2021Q2,5.32,5.638689770987229,-0.3186897709872287,6.117314650374919,-0.7973146503749184
2021Q3,5.607,3.9566054308523055,1.6503945691476947,3.8533945973316195,1.7536054026683807
2021Q4,4.068,2.5981583947150053,1.4698416052849943,2.7163002647450822,1.3516997352549174
2022Q1,2.375,3.4011498404965774,-1.0261498404965774,3.469580827565842,-1.0945808275658422
2022Q2,2.534,4.5685529066583825,-2.0345529066583827,4.632438542683444,-2.0984385426834438
2022Q3,1.24,1.6144050284843194,-0.37440502848431945,1.4829378143686087,-0.24293781436860873
2022Q4,2.513,3.315615428947461,-0.802615428947461,3.3934047281791475,-0.8804047281791476
2023Q1,2.917,2.506761651883408,0.41023834811659166,2.756423066108324,0.16057693389167582
2023Q2,3.165,1.873531798562815,1.291468201437185,1.7827234089259312,1.3822765910740689
2023Q3,3.122,3.745261328319331,-0.6232613283193311,3.8425970258469393,-0.7205970258469394
2023Q4,2.885,4.8496022466874535,-1.9646022466874538,5.025938706267138,-2.1409387062671383
2024Q1,3.069,3.792347293975821,-0.723347293975821,3.5592489750662395,-0.49024897506623955
2024Q2,2.663,5.987891099795472,-3.324891099795472,5.983049273335958,-3.320049273335958
2024Q3,2.567,2.319399748048336,0.24760025195166424,1.914097689378838,0.6529023106211622
2024Q4,2.292,4.252918419206264,-1.9609184192062639,4.070420794420419,-1.778420794420419
2025Q1,1.956,1.100268757137403,0.8557312428625969,0.7420000315032845,1.2139999684967155
2025Q2,2.366,2.1364330414735693,0.22956695852643083,2.2252690764017404,0.14073092359825967
2025Q3,2.038,-2.024508390978429,4.062508390978429,-2.007368538052964,4.045368538052964
